	topicClassValue	Demography	Demography	0
	topicClassValue	Demography.Censuses	Demography.Censuses	1
	topicClassValue	Demography.Migration	Demography.Migration	2
	topicClassValue	Demography.MorbidityAndMortality	Demography.MorbidityAndMortality	3
	topicClassValue	Economics	Economics	4
	topicClassValue	Economics.ConsumptionAndConsumerBehaviour	Economics.ConsumptionAndConsumerBehaviour	5
	topicClassValue	Economics.EconomicConditionsAndIndicators	Economics.EconomicConditionsAndIndicators	6
	topicClassValue	Economics.EconomicPolicyPublicExpenditureAndRevenue	Economics.EconomicPolicyPublicExpenditureAndRevenue	7
	topicClassValue	Economics.EconomicSystemsAndDevelopment	Economics.EconomicSystemsAndDevelopment	8
	topicClassValue	Economics.IncomePropertyAndInvestmentSaving	Economics.IncomePropertyAndInvestmentSaving	9
	topicClassValue	Education	Education	10
	topicClassValue	Education.CompulsoryAndPreschoolEducation	Education.CompulsoryAndPreschoolEducation	11
	topicClassValue	Education.EducationalPolicy	Education.EducationalPolicy	12
	topicClassValue	Education.HigherAndFurtherEducation	Education.HigherAndFurtherEducation	13
	topicClassValue	Education.LifelongContinuingEducation	Education.LifelongContinuingEducation	14
	topicClassValue	Education.VocationalEducationAndTraining	Education.VocationalEducationAndTraining	15
	topicClassValue	Health	Health	16
	topicClassValue	Health.DietAndNutrition	Health.DietAndNutrition	17
	topicClassValue	Health.DrugAbuseAlcoholAndSmoking	Health.DrugAbuseAlcoholAndSmoking	18
	topicClassValue	Health.GeneralHealthAndWellbeing	Health.GeneralHealthAndWellbeing	19
	topicClassValue	Health.HealthCareServicesAndPolicies	Health.HealthCareServicesAndPolicies	20
	topicClassValue	Health.MedicationAndTreatment	Health.MedicationAndTreatment	21
	topicClassValue	Health.OccupationalHealth	Health.OccupationalHealth	22
	topicClassValue	Health.PhysicalFitnessAndExercise	Health.PhysicalFitnessAndExercise	23
	topicClassValue	Health.PublicHealth	Health.PublicHealth	24
	topicClassValue	Health.ReproductiveHealth	Health.ReproductiveHealth	25
	topicClassValue	Health.SignsAndSymptomsPathologicalConditions	Health.SignsAndSymptomsPathologicalConditions	26
	topicClassValue	Health.SpecificDiseasesDisordersAndMedicalConditions	Health.SpecificDiseasesDisordersAndMedicalConditions	27
	topicClassValue	Health.WoundsAndInjuries	Health.WoundsAndInjuries	28
	topicClassValue	History	History	29
	topicClassValue	HousingAndLandUse	HousingAndLandUse	30
	topicClassValue	HousingAndLandUse.Housing	HousingAndLandUse.Housing	31
	topicClassValue	HousingAndLandUse.LandUseAndPlanning	HousingAndLandUse.LandUseAndPlanning	32
	topicClassValue	LabourAndEmployment	LabourAndEmployment	33
	topicClassValue	LabourAndEmployment.EmployeeTraining	LabourAndEmployment.EmployeeTraining	34
	topicClassValue	LabourAndEmployment.Employment	LabourAndEmployment.Employment	35
	topicClassValue	LabourAndEmployment.LabourAndEmploymentPolicy	LabourAndEmployment.LabourAndEmploymentPolicy	36
	topicClassValue	LabourAndEmployment.LabourRelationsConflict	LabourAndEmployment.LabourRelationsConflict	37
	topicClassValue	LabourAndEmployment.Retirement	LabourAndEmployment.Retirement	38
	topicClassValue	LabourAndEmployment.Unemployment	LabourAndEmployment.Unemployment	39
	topicClassValue	LabourAndEmployment.WorkingConditions	LabourAndEmployment.WorkingConditions	40
	topicClassValue	LawCrimeAndLegalSystems	LawCrimeAndLegalSystems	41
	topicClassValue	LawCrimeAndLegalSystems.CrimeAndLawEnforcement	LawCrimeAndLegalSystems.CrimeAndLawEnforcement	42
	topicClassValue	LawCrimeAndLegalSystems.LegislationAndLegalSystems	LawCrimeAndLegalSystems.LegislationAndLegalSystems	43
	topicClassValue	MediaCommunicationAndLanguage	MediaCommunicationAndLanguage	44
	topicClassValue	MediaCommunicationAndLanguage.InformationSociety	MediaCommunicationAndLanguage.InformationSociety	45
	topicClassValue	MediaCommunicationAndLanguage.LanguageAndLinguistics	MediaCommunicationAndLanguage.LanguageAndLinguistics	46
	topicClassValue	MediaCommunicationAndLanguage.Media	MediaCommunicationAndLanguage.Media	47
	topicClassValue	MediaCommunicationAndLanguage.PublicRelations	MediaCommunicationAndLanguage.PublicRelations	48
	topicClassValue	NaturalEnvironment	NaturalEnvironment	49
	topicClassValue	NaturalEnvironment.EnergyAndNaturalResources	NaturalEnvironment.EnergyAndNaturalResources	50
	topicClassValue	NaturalEnvironment.EnvironmentAndConservation	NaturalEnvironment.EnvironmentAndConservation	51
	topicClassValue	NaturalEnvironment.NaturalLandscapes	NaturalEnvironment.NaturalLandscapes	52
	topicClassValue	NaturalEnvironment.PlantsAndAnimals	NaturalEnvironment.PlantsAndAnimals	53
	topicClassValue	Politics	Politics	54
	topicClassValue	Politics.ConflictSecurityAndPeace	Politics.ConflictSecurityAndPeace	55
	topicClassValue	Politics.Elections	Politics.Elections	56
	topicClassValue	Politics.GovernmentPoliticalSystemsAndOrganisations	Politics.GovernmentPoliticalSystemsAndOrganisations	57
	topicClassValue	Politics.InternationalPoliticsAndOrganisations	Politics.InternationalPoliticsAndOrganisations	58
	topicClassValue	Politics.PoliticalBehaviourAndAttitudes	Politics.PoliticalBehaviourAndAttitudes	59
	topicClassValue	Politics.PoliticalIdeology	Politics.PoliticalIdeology	60
	topicClassValue	Psychology	Psychology	61
	topicClassValue	ScienceAndTechnology	ScienceAndTechnology	62
	topicClassValue	ScienceAndTechnology.Biotechnology	ScienceAndTechnology.Biotechnology	63
	topicClassValue	ScienceAndTechnology.InformationTechnology	ScienceAndTechnology.InformationTechnology	64
	topicClassValue	SocialStratificationAndGroupings	SocialStratificationAndGroupings	65
	topicClassValue	SocialStratificationAndGroupings.Children	SocialStratificationAndGroupings.Children	66
	topicClassValue	SocialStratificationAndGroupings.Elderly	SocialStratificationAndGroupings.Elderly	67
	topicClassValue	SocialStratificationAndGroupings.ElitesAndLeadership	SocialStratificationAndGroupings.ElitesAndLeadership	68
	topicClassValue	SocialStratificationAndGroupings.EqualityInequalityAndSocialExclusion	SocialStratificationAndGroupings.EqualityInequalityAndSocialExclusion	69
	topicClassValue	SocialStratificationAndGroupings.FamilyLifeAndMarriage	SocialStratificationAndGroupings.FamilyLifeAndMarriage	70
	topicClassValue	SocialStratificationAndGroupings.GenderAndGenderRoles	SocialStratificationAndGroupings.GenderAndGenderRoles	71
	topicClassValue	SocialStratificationAndGroupings.Minorities	SocialStratificationAndGroupings.Minorities	72
	topicClassValue	SocialStratificationAndGroupings.SocialAndOccupationalMobility	SocialStratificationAndGroupings.SocialAndOccupationalMobility	73
	topicClassValue	SocialStratificationAndGroupings.Youth	SocialStratificationAndGroupings.Youth	74
	topicClassValue	SocialWelfarePolicyAndSystems	SocialWelfarePolicyAndSystems	75
	topicClassValue	SocialWelfarePolicyAndSystems.SocialWelfarePolicy	SocialWelfarePolicyAndSystems.SocialWelfarePolicy	76
	topicClassValue	SocialWelfarePolicyAndSystems.SocialWelfareSystemsStructures	SocialWelfarePolicyAndSystems.SocialWelfareSystemsStructures	77
	topicClassValue	SocialWelfarePolicyAndSystems.SpecificSocialServicesUseAndAvailability	SocialWelfarePolicyAndSystems.SpecificSocialServicesUseAndAvailability	78
	topicClassValue	SocietyAndCulture	SocietyAndCulture	79
	topicClassValue	SocietyAndCulture.CommunityUrbanAndRuralLife	SocietyAndCulture.CommunityUrbanAndRuralLife	80
	topicClassValue	SocietyAndCulture.CulturalActivitiesAndParticipation	SocietyAndCulture.CulturalActivitiesAndParticipation	81
	topicClassValue	SocietyAndCulture.CulturalAndNationalIdentity	SocietyAndCulture.CulturalAndNationalIdentity	82
	topicClassValue	SocietyAndCulture.LeisureTourismAndSport	SocietyAndCulture.LeisureTourismAndSport	83
	topicClassValue	SocietyAndCulture.ReligionAndValues	SocietyAndCulture.ReligionAndValues	84
	topicClassValue	SocietyAndCulture.SocialBehaviourAndAttitudes	SocietyAndCulture.SocialBehaviourAndAttitudes	85
	topicClassValue	SocietyAndCulture.SocialChange	SocietyAndCulture.SocialChange	86
	topicClassValue	SocietyAndCulture.SocialConditionsAndIndicators	SocietyAndCulture.SocialConditionsAndIndicators	87
	topicClassValue	SocietyAndCulture.TimeUse	SocietyAndCulture.TimeUse	88
	topicClassValue	TradeIndustryAndMarkets	TradeIndustryAndMarkets	89
	topicClassValue	TradeIndustryAndMarkets.AgricultureAndRuralIndustry	TradeIndustryAndMarkets.AgricultureAndRuralIndustry	90
	topicClassValue	TradeIndustryAndMarkets.BusinessIndustrialManagementAndOrganisation	TradeIndustryAndMarkets.BusinessIndustrialManagementAndOrganisation	91
	topicClassValue	TradeIndustryAndMarkets.ForeignTrade	TradeIndustryAndMarkets.ForeignTrade	92
	topicClassValue	TransportAndTravel	TransportAndTravel	93
	topicClassValue	Other	Other	94
	kindOfData	Numeric	Numeric	0
	kindOfData	Text	Text	1
	kindOfData	StillImage	StillImage	2
	kindOfData	Geospatial	Geospatial	3
	kindOfData	Audio	Audio	4
	kindOfData	Video	Video	5
	kindOfData	Software	Software	6
	kindOfData	InteractiveResource	InteractiveResource	7
	kindOfData	ThreeD	ThreeD	8
	kindOfData	Other	Other	9
